"file","caption","category","png_time","StartTime"
"bio1_sizeatage.png","Length at age in the beginning of the year (or season) in the ending year of the model. Shaded area indicates 95% distribution of length at age around estimated growth curve.","Bio",2021-10-14 14:50:34,"StartTime: Wed Oct 13 13:52:43 2021"
"bio2_sizeatage_plus_CV_and_SD.png","Length at age (top-left panel) with CV (thick line) and SD (thin line) of length at age shown in top-right and lower-left panels","Bio",2021-10-14 14:50:34,"StartTime: Wed Oct 13 13:52:43 2021"
"bio3_sizeatage_plus_WT_and_MAT.png","Length at age (top-left panel) with weight (thick line) and maturity (thin line) shown in top-right and lower-left panels","Bio",2021-10-14 14:50:34,"StartTime: Wed Oct 13 13:52:43 2021"
"bio1B_len_at_age_matrix_1.png","Distribution of length at age for seas: 1 sub_seas: 1 morph: 1","Bio",2021-10-14 14:50:34,"StartTime: Wed Oct 13 13:52:43 2021"
"bio1B_len_at_age_matrix_2.png","Distribution of length at age for seas: 1 sub_seas: 2 morph: 1","Bio",2021-10-14 14:50:34,"StartTime: Wed Oct 13 13:52:43 2021"
"bio5_weightatsize.png","Weight-length relationship","Bio",2021-10-14 14:50:34,"StartTime: Wed Oct 13 13:52:43 2021"
"bio6_maturity.png","Maturity at length","Bio",2021-10-14 14:50:34,"StartTime: Wed Oct 13 13:52:43 2021"
"bio7_fecundity.png","Fecundity","Bio",2021-10-14 14:50:34,"StartTime: Wed Oct 13 13:52:43 2021"
"bio8_fecundity_wt.png","Fecundity as a function of weight","Bio",2021-10-14 14:50:34,"StartTime: Wed Oct 13 13:52:43 2021"
"bio9_fecundity_len.png","Fecundity as a function of length","Bio",2021-10-14 14:50:34,"StartTime: Wed Oct 13 13:52:43 2021"
"bio10_spawningoutput_len.png","Spawning output at length. This is the product of maturity and fecundity unless maturity is age-based, in which case only fecundity is represented.","Bio",2021-10-14 14:50:34,"StartTime: Wed Oct 13 13:52:43 2021"
"bio11_spawningoutput_age.png","Spawning output at age. This is the product of maturity and fecundity. When these processes are length-based they are converted into the age dimension using the matrix of length at age.","Bio",2021-10-14 14:50:34,"StartTime: Wed Oct 13 13:52:43 2021"
"bio24_time-varying_NatM_uniform_Fem_GP_1.png","Time-varying mortality and growth parameters","Bio",2021-10-14 14:50:34,"StartTime: Wed Oct 13 13:52:43 2021"
"bio24_time-varying_AgeKeyParm2.png","Time-varying mortality and growth parameters","Bio",2021-10-14 14:50:34,"StartTime: Wed Oct 13 13:52:43 2021"
"bio24_time-varying_AgeKeyParm3.png","Time-varying mortality and growth parameters","Bio",2021-10-14 14:50:34,"StartTime: Wed Oct 13 13:52:43 2021"
"sel01_multiple_fleets_length1.png","Selectivity at length for multiple fleets.","Sel",2021-10-14 14:50:34,"StartTime: Wed Oct 13 13:52:43 2021"
"sel02_multiple_fleets_age1.png","Selectivity at age derived from selectivity at length for multiple fleets.","Sel",2021-10-14 14:50:34,"StartTime: Wed Oct 13 13:52:43 2021"
"sel03_len_timevary_surf_flt1sex1.png","Surface plot of Time-varying selectivity for FshTrawl","Sel",2021-10-14 14:50:34,"StartTime: Wed Oct 13 13:52:43 2021"
"sel04_len_timevary_contour_flt1sex1.png","Countour plot of Time-varying selectivity for FshTrawl","Sel",2021-10-14 14:50:34,"StartTime: Wed Oct 13 13:52:43 2021"
"sel09_len_flt1sex1.png","Ending year selectivity for FshTrawl","Sel",2021-10-14 14:50:34,"StartTime: Wed Oct 13 13:52:43 2021"
"sel03_len_timevary_surf_flt2sex1.png","Surface plot of Time-varying selectivity for FshLL","Sel",2021-10-14 14:50:34,"StartTime: Wed Oct 13 13:52:43 2021"
"sel04_len_timevary_contour_flt2sex1.png","Countour plot of Time-varying selectivity for FshLL","Sel",2021-10-14 14:50:34,"StartTime: Wed Oct 13 13:52:43 2021"
"sel09_len_flt2sex1.png","Ending year selectivity for FshLL","Sel",2021-10-14 14:50:34,"StartTime: Wed Oct 13 13:52:43 2021"
"sel03_len_timevary_surf_flt3sex1.png","Surface plot of Time-varying selectivity for FshPot","Sel",2021-10-14 14:50:34,"StartTime: Wed Oct 13 13:52:43 2021"
"sel04_len_timevary_contour_flt3sex1.png","Countour plot of Time-varying selectivity for FshPot","Sel",2021-10-14 14:50:34,"StartTime: Wed Oct 13 13:52:43 2021"
"sel09_len_flt3sex1.png","Ending year selectivity for FshPot","Sel",2021-10-14 14:50:34,"StartTime: Wed Oct 13 13:52:43 2021"
"sel03_len_timevary_surf_flt4sex1.png","Surface plot of Time-varying selectivity for Srv","Sel",2021-10-14 14:50:34,"StartTime: Wed Oct 13 13:52:43 2021"
"sel04_len_timevary_contour_flt4sex1.png","Countour plot of Time-varying selectivity for Srv","Sel",2021-10-14 14:50:34,"StartTime: Wed Oct 13 13:52:43 2021"
"sel09_len_flt4sex1.png","Ending year selectivity for Srv","Sel",2021-10-14 14:50:34,"StartTime: Wed Oct 13 13:52:43 2021"
"sel09_len_flt5sex1.png","Ending year selectivity for LLSrv","Sel",2021-10-14 14:50:34,"StartTime: Wed Oct 13 13:52:43 2021"
"sel03_len_timevary_surf_flt6sex1.png","Surface plot of Time-varying selectivity for IPHCLL","Sel",2021-10-14 14:50:34,"StartTime: Wed Oct 13 13:52:43 2021"
"sel04_len_timevary_contour_flt6sex1.png","Countour plot of Time-varying selectivity for IPHCLL","Sel",2021-10-14 14:50:34,"StartTime: Wed Oct 13 13:52:43 2021"
"sel09_len_flt6sex1.png","Ending year selectivity for IPHCLL","Sel",2021-10-14 14:50:34,"StartTime: Wed Oct 13 13:52:43 2021"
"sel03_len_timevary_surf_flt7sex1.png","Surface plot of Time-varying selectivity for ADFG","Sel",2021-10-14 14:50:34,"StartTime: Wed Oct 13 13:52:43 2021"
"sel04_len_timevary_contour_flt7sex1.png","Countour plot of Time-varying selectivity for ADFG","Sel",2021-10-14 14:50:34,"StartTime: Wed Oct 13 13:52:43 2021"
"sel09_len_flt7sex1.png","Ending year selectivity for ADFG","Sel",2021-10-14 14:50:34,"StartTime: Wed Oct 13 13:52:43 2021"
"sel21_agelen_contour_flt1sex1.png","Ending year selectivity and growth for FshTrawl","Sel",2021-10-14 14:50:34,"StartTime: Wed Oct 13 13:52:43 2021"
"sel21_agelen_contour_flt2sex1.png","Ending year selectivity and growth for FshLL","Sel",2021-10-14 14:50:34,"StartTime: Wed Oct 13 13:52:43 2021"
"sel21_agelen_contour_flt3sex1.png","Ending year selectivity and growth for FshPot","Sel",2021-10-14 14:50:34,"StartTime: Wed Oct 13 13:52:43 2021"
"sel21_agelen_contour_flt4sex1.png","Ending year selectivity and growth for Srv","Sel",2021-10-14 14:50:34,"StartTime: Wed Oct 13 13:52:43 2021"
"sel21_agelen_contour_flt5sex1.png","Ending year selectivity and growth for LLSrv","Sel",2021-10-14 14:50:34,"StartTime: Wed Oct 13 13:52:43 2021"
"sel21_agelen_contour_flt6sex1.png","Ending year selectivity and growth for IPHCLL","Sel",2021-10-14 14:50:34,"StartTime: Wed Oct 13 13:52:43 2021"
"sel21_agelen_contour_flt7sex1.png","Ending year selectivity and growth for ADFG","Sel",2021-10-14 14:50:34,"StartTime: Wed Oct 13 13:52:43 2021"
"ts7_Spawning_biomass_(mt).png","Spawning biomass (mt)","Timeseries",2021-10-14 14:50:34,"StartTime: Wed Oct 13 13:52:43 2021"
"ts7_Spawning_biomass_(mt)_with_95_asymptotic_intervals_intervals.png","Spawning biomass (mt) with ~95% asymptotic intervals","Timeseries",2021-10-14 14:50:34,"StartTime: Wed Oct 13 13:52:43 2021"
"ts9_Relative_spawning_biomass.png","Relative spawning biomass: B/B_0","Timeseries",2021-10-14 14:50:34,"StartTime: Wed Oct 13 13:52:43 2021"
"ts9_Relative_spawning_biomass_intervals.png","Relative spawning biomass: B/B_0 with ~95% asymptotic intervals","Timeseries",2021-10-14 14:50:34,"StartTime: Wed Oct 13 13:52:43 2021"
"ts1_Total_biomass_(mt).png","Total biomass (mt)","Timeseries",2021-10-14 14:50:34,"StartTime: Wed Oct 13 13:52:43 2021"
"ts4_Summary_biomass_(mt).png","Summary biomass (mt)","Timeseries",2021-10-14 14:50:34,"StartTime: Wed Oct 13 13:52:43 2021"
"ts11_Age-0_recruits_(1000s).png","Age-0 recruits (1,000s)","Timeseries",2021-10-14 14:50:34,"StartTime: Wed Oct 13 13:52:43 2021"
"ts11_Age-0_recruits_(1000s)_with_95_asymptotic_intervals.png","Age-0 recruits (1,000s) with ~95% asymptotic intervals","Timeseries",2021-10-14 14:50:34,"StartTime: Wed Oct 13 13:52:43 2021"
"ts_summaryF.png","Summary F (definition of F depends on setting in starter.ss)","Timeseries",2021-10-14 14:50:34,"StartTime: Wed Oct 13 13:52:43 2021"
"recdevs1_points.png","Recruitment deviations","RecDev",2021-10-14 14:50:34,"StartTime: Wed Oct 13 13:52:43 2021"
"recdevs2_withbars.png","Recruitment deviations with 95% intervals","RecDev",2021-10-14 14:50:34,"StartTime: Wed Oct 13 13:52:43 2021"
"recdevs3_varcheck.png","Recruitment deviations variance check.<br> See later figure of transformed variance values for comparison with bias adjustment settings in the model.","RecDev",2021-10-14 14:50:34,"StartTime: Wed Oct 13 13:52:43 2021"
"recruit_fit_bias_adjust.png","Points are transformed variances. Red line shows current settings for bias adjustment specified in control file. Blue line shows least squares estimate of alternative bias adjustment relationship for recruitment deviations (which may or may not be an improvement. For more information, see<br> 
<blockquote>Methot, R.D. and Taylor, I.G., 2011. Adjusting for bias due to variability of estimated recruitments in fishery assessment models. <i>Can. J. Fish. Aquat. Sci.</i>, 68:1744-1760.</blockquote><br> 
Estimated alternative inputs to SS control file associated with blue line in figure: 
<pre>1962.7   #_last_early_yr_nobias_adj_in_MPD 
1985.1   #_first_yr_fullbias_adj_in_MPD 
2018.7   #_last_yr_fullbias_adj_in_MPD 
2021.4   #_first_recent_yr_nobias_adj_in_MPD 
0.9094  #_max_bias_adj_in_MPD (1.0 to mimic pre-2009 models) </pre>","RecDev",2021-10-14 14:50:34,"StartTime: Wed Oct 13 13:52:43 2021"
"SR_curve.png","Stock-recruit curve.  Point colors indicate year, with warmer colors indicating earlier years and cooler colors in showing later years.","S-R",2021-10-14 14:50:34,"StartTime: Wed Oct 13 13:52:43 2021"
"SR_curve2.png","Stock-recruit curve with labels on first, last, and years with (log) deviations > 0.5. Point colors indicate year, with warmer colors indicating earlier years and cooler colors in showing later years.","S-R",2021-10-14 14:50:34,"StartTime: Wed Oct 13 13:52:43 2021"
"SR_resids.png","Deviations around the stock-recruit curve. Labels are on first, last, and years with (log) deviations > 0.5. Point colors indicate year, with warmer colors indicating earlier years and cooler colors in showing later years.","S-R",2021-10-14 14:50:34,"StartTime: Wed Oct 13 13:52:43 2021"
"catch1 landings.png","landings","Catch",2021-10-14 14:50:34,"StartTime: Wed Oct 13 13:52:43 2021"
"catch2 landings stacked.png","landings stacked","Catch",2021-10-14 14:50:34,"StartTime: Wed Oct 13 13:52:43 2021"
"catch9 harvest rate.png","harvest rate","Catch",2021-10-14 14:50:34,"StartTime: Wed Oct 13 13:52:43 2021"
"SPR1_series.png","Timeseries of SPR","SPR",2021-10-14 14:50:34,"StartTime: Wed Oct 13 13:52:43 2021"
"SPR2_minusSPRseries.png","Timeseries of 1-SPR","SPR",2021-10-14 14:50:34,"StartTime: Wed Oct 13 13:52:43 2021"
"SPR3_ratiointerval.png","Timeseries of SPR ratio: 1-SPR","SPR",2021-10-14 14:50:34,"StartTime: Wed Oct 13 13:52:43 2021"
"SPR4_phase.png","Phase plot of biomass ratio vs. SPR ratio.<br> Each point represents the biomass ratio at the start of the year and the relative fishing intensity in that same year. Lines through the final point show 95% intervals based on the asymptotic uncertainty for each dimension. The shaded ellipse is a 95% region which accounts for the estimated correlation between the two quantities: -0.538. The vertical line at 0.4 indicates the reference point as defined in the forecast.ss which can be removed from the plot via <code>SS_plots(..., btarg = -1)</code>.","SPR",2021-10-14 14:50:34,"StartTime: Wed Oct 13 13:52:43 2021"
"index1_cpuedata_Srv.png","Index data for Srv. Lines indicate 95% uncertainty interval around index values based on the model assumption of lognormal error. Thicker lines (if present) indicate input uncertainty before addition of estimated additional uncertainty parameter.","Index",2021-10-14 14:50:34,"StartTime: Wed Oct 13 13:52:43 2021"
"index2_cpuefit_Srv.png","Fit to index data for Srv. Lines indicate 95% uncertainty interval around index values based on the model assumption of lognormal error. Thicker lines (if present) indicate input uncertainty before addition of estimated additional uncertainty parameter.","Index",2021-10-14 14:50:34,"StartTime: Wed Oct 13 13:52:43 2021"
"index3_obs_vs_exp_Srv.png","Observed vs. expected index values with smoother for Srv","Index",2021-10-14 14:50:34,"StartTime: Wed Oct 13 13:52:43 2021"
"index4_logcpuedata_Srv.png","Log index data for Srv. Lines indicate 95% uncertainty interval around index values based on the model assumption of lognormal error. Thicker lines (if present) indicate input uncertainty before addition of estimated additional uncertainty parameter.","Index",2021-10-14 14:50:34,"StartTime: Wed Oct 13 13:52:43 2021"
"index5_logcpuefit_Srv.png","Fit to log index data on log scale for Srv. Lines indicate 95% uncertainty interval around index values based on the model assumption of lognormal error. Thicker lines (if present) indicate input uncertainty before addition of estimated additional uncertainty parameter.","Index",2021-10-14 14:50:34,"StartTime: Wed Oct 13 13:52:43 2021"
"index6_log_obs_vs_exp_Srv.png","log(observed) vs. log(expected) index values with smoother for Srv","Index",2021-10-14 14:50:34,"StartTime: Wed Oct 13 13:52:43 2021"
"index10_resids_SE_total_Srv.png","Residuals of fit to index for Srv.<br>Values are (log(Obs) - log(Exp))/SE where SE is the total standard error including any estimated additional uncertainty.","Index",2021-10-14 14:50:34,"StartTime: Wed Oct 13 13:52:43 2021"
"index12_resids_SE_total_Srv.png","Deviations for fit to index for Srv.<br>Values are log(Obs) - log(Exp) and thus independent of index uncertainty.","Index",2021-10-14 14:50:34,"StartTime: Wed Oct 13 13:52:43 2021"
"index1_cpuedata_LLSrv.png","Index data for LLSrv. Lines indicate 95% uncertainty interval around index values based on the model assumption of lognormal error. Thicker lines (if present) indicate input uncertainty before addition of estimated additional uncertainty parameter.","Index",2021-10-14 14:50:34,"StartTime: Wed Oct 13 13:52:43 2021"
"index2_cpuefit_LLSrv.png","Fit to index data for LLSrv. Lines indicate 95% uncertainty interval around index values based on the model assumption of lognormal error. Thicker lines (if present) indicate input uncertainty before addition of estimated additional uncertainty parameter.","Index",2021-10-14 14:50:34,"StartTime: Wed Oct 13 13:52:43 2021"
"index3_obs_vs_exp_LLSrv.png","Observed vs. expected index values with smoother for LLSrv","Index",2021-10-14 14:50:34,"StartTime: Wed Oct 13 13:52:43 2021"
"index4_logcpuedata_LLSrv.png","Log index data for LLSrv. Lines indicate 95% uncertainty interval around index values based on the model assumption of lognormal error. Thicker lines (if present) indicate input uncertainty before addition of estimated additional uncertainty parameter.","Index",2021-10-14 14:50:34,"StartTime: Wed Oct 13 13:52:43 2021"
"index5_logcpuefit_LLSrv.png","Fit to log index data on log scale for LLSrv. Lines indicate 95% uncertainty interval around index values based on the model assumption of lognormal error. Thicker lines (if present) indicate input uncertainty before addition of estimated additional uncertainty parameter.","Index",2021-10-14 14:50:34,"StartTime: Wed Oct 13 13:52:43 2021"
"index6_log_obs_vs_exp_LLSrv.png","log(observed) vs. log(expected) index values with smoother for LLSrv","Index",2021-10-14 14:50:34,"StartTime: Wed Oct 13 13:52:43 2021"
"index7_timevarying_q_LLSrv.png","Timeseries of catchability for LLSrv","Index",2021-10-14 14:50:34,"StartTime: Wed Oct 13 13:52:43 2021"
"index8_q_vs_vuln_bio_LLSrv.png","Catchability vs. vulnerable biomass for fleet LLSrv<br> 
This plot should illustrate curvature of nonlinear catchability relationship<br> 
or reveal patterns associated with random-walk catchability.","Index",2021-10-14 14:50:34,"StartTime: Wed Oct 13 13:52:43 2021"
"index10_resids_SE_total_LLSrv.png","Residuals of fit to index for LLSrv.<br>Values are (log(Obs) - log(Exp))/SE where SE is the total standard error including any estimated additional uncertainty.","Index",2021-10-14 14:50:34,"StartTime: Wed Oct 13 13:52:43 2021"
"index12_resids_SE_total_LLSrv.png","Deviations for fit to index for LLSrv.<br>Values are log(Obs) - log(Exp) and thus independent of index uncertainty.","Index",2021-10-14 14:50:34,"StartTime: Wed Oct 13 13:52:43 2021"
"index1_cpuedata_IPHCLL.png","Index data for IPHCLL. Lines indicate 95% uncertainty interval around index values based on the model assumption of lognormal error. Thicker lines (if present) indicate input uncertainty before addition of estimated additional uncertainty parameter.","Index",2021-10-14 14:50:34,"StartTime: Wed Oct 13 13:52:43 2021"
"index2_cpuefit_IPHCLL.png","Fit to index data for IPHCLL. Lines indicate 95% uncertainty interval around index values based on the model assumption of lognormal error. Thicker lines (if present) indicate input uncertainty before addition of estimated additional uncertainty parameter.","Index",2021-10-14 14:50:34,"StartTime: Wed Oct 13 13:52:43 2021"
"index3_obs_vs_exp_IPHCLL.png","Observed vs. expected index values with smoother for IPHCLL","Index",2021-10-14 14:50:34,"StartTime: Wed Oct 13 13:52:43 2021"
"index4_logcpuedata_IPHCLL.png","Log index data for IPHCLL. Lines indicate 95% uncertainty interval around index values based on the model assumption of lognormal error. Thicker lines (if present) indicate input uncertainty before addition of estimated additional uncertainty parameter.","Index",2021-10-14 14:50:34,"StartTime: Wed Oct 13 13:52:43 2021"
"index5_logcpuefit_IPHCLL.png","Fit to log index data on log scale for IPHCLL. Lines indicate 95% uncertainty interval around index values based on the model assumption of lognormal error. Thicker lines (if present) indicate input uncertainty before addition of estimated additional uncertainty parameter.","Index",2021-10-14 14:50:34,"StartTime: Wed Oct 13 13:52:43 2021"
"index6_log_obs_vs_exp_IPHCLL.png","log(observed) vs. log(expected) index values with smoother for IPHCLL","Index",2021-10-14 14:50:34,"StartTime: Wed Oct 13 13:52:43 2021"
"index10_resids_SE_total_IPHCLL.png","Residuals of fit to index for IPHCLL.<br>Values are (log(Obs) - log(Exp))/SE where SE is the total standard error including any estimated additional uncertainty.","Index",2021-10-14 14:50:34,"StartTime: Wed Oct 13 13:52:43 2021"
"index12_resids_SE_total_IPHCLL.png","Deviations for fit to index for IPHCLL.<br>Values are log(Obs) - log(Exp) and thus independent of index uncertainty.","Index",2021-10-14 14:50:34,"StartTime: Wed Oct 13 13:52:43 2021"
"index1_cpuedata_ADFG.png","Index data for ADFG. Lines indicate 95% uncertainty interval around index values based on the model assumption of lognormal error. Thicker lines (if present) indicate input uncertainty before addition of estimated additional uncertainty parameter.","Index",2021-10-14 14:50:34,"StartTime: Wed Oct 13 13:52:43 2021"
"index2_cpuefit_ADFG.png","Fit to index data for ADFG. Lines indicate 95% uncertainty interval around index values based on the model assumption of lognormal error. Thicker lines (if present) indicate input uncertainty before addition of estimated additional uncertainty parameter.","Index",2021-10-14 14:50:34,"StartTime: Wed Oct 13 13:52:43 2021"
"index3_obs_vs_exp_ADFG.png","Observed vs. expected index values with smoother for ADFG","Index",2021-10-14 14:50:34,"StartTime: Wed Oct 13 13:52:43 2021"
"index4_logcpuedata_ADFG.png","Log index data for ADFG. Lines indicate 95% uncertainty interval around index values based on the model assumption of lognormal error. Thicker lines (if present) indicate input uncertainty before addition of estimated additional uncertainty parameter.","Index",2021-10-14 14:50:34,"StartTime: Wed Oct 13 13:52:43 2021"
"index5_logcpuefit_ADFG.png","Fit to log index data on log scale for ADFG. Lines indicate 95% uncertainty interval around index values based on the model assumption of lognormal error. Thicker lines (if present) indicate input uncertainty before addition of estimated additional uncertainty parameter.","Index",2021-10-14 14:50:34,"StartTime: Wed Oct 13 13:52:43 2021"
"index6_log_obs_vs_exp_ADFG.png","log(observed) vs. log(expected) index values with smoother for ADFG","Index",2021-10-14 14:50:34,"StartTime: Wed Oct 13 13:52:43 2021"
"index10_resids_SE_total_ADFG.png","Residuals of fit to index for ADFG.<br>Values are (log(Obs) - log(Exp))/SE where SE is the total standard error including any estimated additional uncertainty.","Index",2021-10-14 14:50:34,"StartTime: Wed Oct 13 13:52:43 2021"
"index12_resids_SE_total_ADFG.png","Deviations for fit to index for ADFG.<br>Values are log(Obs) - log(Exp) and thus independent of index uncertainty.","Index",2021-10-14 14:50:34,"StartTime: Wed Oct 13 13:52:43 2021"
"index1_cpuedata_SPAWN.png","Index data for SPAWN. Lines indicate 95% uncertainty interval around index values based on the model assumption of lognormal error. Thicker lines (if present) indicate input uncertainty before addition of estimated additional uncertainty parameter.","Index",2021-10-14 14:50:34,"StartTime: Wed Oct 13 13:52:43 2021"
"index2_cpuefit_SPAWN.png","Fit to index data for SPAWN. Lines indicate 95% uncertainty interval around index values based on the model assumption of lognormal error. Thicker lines (if present) indicate input uncertainty before addition of estimated additional uncertainty parameter.","Index",2021-10-14 14:50:34,"StartTime: Wed Oct 13 13:52:43 2021"
"index3_obs_vs_exp_SPAWN.png","Observed vs. expected index values with smoother for SPAWN","Index",2021-10-14 14:50:34,"StartTime: Wed Oct 13 13:52:43 2021"
"index4_logcpuedata_SPAWN.png","Log index data for SPAWN. Lines indicate 95% uncertainty interval around index values based on the model assumption of lognormal error. Thicker lines (if present) indicate input uncertainty before addition of estimated additional uncertainty parameter.","Index",2021-10-14 14:50:34,"StartTime: Wed Oct 13 13:52:43 2021"
"index5_logcpuefit_SPAWN.png","Fit to log index data on log scale for SPAWN. Lines indicate 95% uncertainty interval around index values based on the model assumption of lognormal error. Thicker lines (if present) indicate input uncertainty before addition of estimated additional uncertainty parameter.","Index",2021-10-14 14:50:34,"StartTime: Wed Oct 13 13:52:43 2021"
"index6_log_obs_vs_exp_SPAWN.png","log(observed) vs. log(expected) index values with smoother for SPAWN","Index",2021-10-14 14:50:34,"StartTime: Wed Oct 13 13:52:43 2021"
"index8_q_vs_vuln_bio_SPAWN.png","Catchability vs. vulnerable biomass for fleet SPAWN<br> 
This plot should illustrate curvature of nonlinear catchability relationship<br> 
or reveal patterns associated with random-walk catchability.","Index",2021-10-14 14:50:34,"StartTime: Wed Oct 13 13:52:43 2021"
"index10_resids_SE_total_SPAWN.png","Residuals of fit to index for SPAWN.<br>Values are (log(Obs) - log(Exp))/SE where SE is the total standard error including any estimated additional uncertainty.","Index",2021-10-14 14:50:34,"StartTime: Wed Oct 13 13:52:43 2021"
"index12_resids_SE_total_SPAWN.png","Deviations for fit to index for SPAWN.<br>Values are log(Obs) - log(Exp) and thus independent of index uncertainty.","Index",2021-10-14 14:50:34,"StartTime: Wed Oct 13 13:52:43 2021"
"index1_cpuedata_Seine.png","Index data for Seine. Lines indicate 95% uncertainty interval around index values based on the model assumption of lognormal error. Thicker lines (if present) indicate input uncertainty before addition of estimated additional uncertainty parameter.","Index",2021-10-14 14:50:34,"StartTime: Wed Oct 13 13:52:43 2021"
"index2_cpuefit_Seine.png","Fit to index data for Seine. Lines indicate 95% uncertainty interval around index values based on the model assumption of lognormal error. Thicker lines (if present) indicate input uncertainty before addition of estimated additional uncertainty parameter.","Index",2021-10-14 14:50:34,"StartTime: Wed Oct 13 13:52:43 2021"
"index3_obs_vs_exp_Seine.png","Observed vs. expected index values with smoother for Seine","Index",2021-10-14 14:50:34,"StartTime: Wed Oct 13 13:52:43 2021"
"index4_logcpuedata_Seine.png","Log index data for Seine. Lines indicate 95% uncertainty interval around index values based on the model assumption of lognormal error. Thicker lines (if present) indicate input uncertainty before addition of estimated additional uncertainty parameter.","Index",2021-10-14 14:50:34,"StartTime: Wed Oct 13 13:52:43 2021"
"index5_logcpuefit_Seine.png","Fit to log index data on log scale for Seine. Lines indicate 95% uncertainty interval around index values based on the model assumption of lognormal error. Thicker lines (if present) indicate input uncertainty before addition of estimated additional uncertainty parameter.","Index",2021-10-14 14:50:34,"StartTime: Wed Oct 13 13:52:43 2021"
"index6_log_obs_vs_exp_Seine.png","log(observed) vs. log(expected) index values with smoother for Seine","Index",2021-10-14 14:50:34,"StartTime: Wed Oct 13 13:52:43 2021"
"index8_q_vs_vuln_bio_Seine.png","Catchability vs. vulnerable biomass for fleet Seine<br> 
This plot should illustrate curvature of nonlinear catchability relationship<br> 
or reveal patterns associated with random-walk catchability.","Index",2021-10-14 14:50:34,"StartTime: Wed Oct 13 13:52:43 2021"
"index10_resids_SE_total_Seine.png","Residuals of fit to index for Seine.<br>Values are (log(Obs) - log(Exp))/SE where SE is the total standard error including any estimated additional uncertainty.","Index",2021-10-14 14:50:34,"StartTime: Wed Oct 13 13:52:43 2021"
"index12_resids_SE_total_Seine.png","Deviations for fit to index for Seine.<br>Values are log(Obs) - log(Exp) and thus independent of index uncertainty.","Index",2021-10-14 14:50:34,"StartTime: Wed Oct 13 13:52:43 2021"
"index9_standcpueall.png","Standardized indices overlaid. Each index is rescaled to have mean observation = 1.0.","Index",2021-10-14 14:50:34,"StartTime: Wed Oct 13 13:52:43 2021"
"numbers1_sex1_beg.png","Beginning of year expected numbers at age in (max ~ 1.4 billion)","Numbers",2021-10-14 14:50:34,"StartTime: Wed Oct 13 13:52:43 2021"
"numbers1_sex1_mid.png","Middle of year expected numbers at age in (max ~ 1.1 billion)","Numbers",2021-10-14 14:50:34,"StartTime: Wed Oct 13 13:52:43 2021"
"numbers6_len_sex1.png","Beginning of year expected numbers at length in (max ~ 858.3 million)","Numbers",2021-10-14 14:50:34,"StartTime: Wed Oct 13 13:52:43 2021"
"numbers6_len_sex1.png","Middle of year expected numbers at length in (max ~ 114.8 million)","Numbers",2021-10-14 14:50:34,"StartTime: Wed Oct 13 13:52:43 2021"
"numbers4_equilagecomp.png","Equilibrium age distribution","Numbers",2021-10-14 14:50:34,"StartTime: Wed Oct 13 13:52:43 2021"
"numbers5_ageerrorSD.png","Ageing imprecision: SD of observed age (yr)","Numbers",2021-10-14 14:50:34,"StartTime: Wed Oct 13 13:52:43 2021"
"numbers5_ageerrorMeans.png","Ageing imprecision: Mean observed age (yr)","Numbers",2021-10-14 14:50:34,"StartTime: Wed Oct 13 13:52:43 2021"
"numbers10_ageerror_matrix_1.png","Distribution of observed age at true age 
 for ageing error type 1","Numbers",2021-10-14 14:50:34,"StartTime: Wed Oct 13 13:52:43 2021"
"numbers10_ageerror_matrix_2.png","Distribution of observed age at true age 
 for ageing error type 2","Numbers",2021-10-14 14:50:34,"StartTime: Wed Oct 13 13:52:43 2021"
"numbers10_ageerror_matrix_3.png","Distribution of observed age at true age 
 for ageing error type 3","Numbers",2021-10-14 14:50:34,"StartTime: Wed Oct 13 13:52:43 2021"
"numbers10_ageerror_matrix_4.png","Distribution of observed age at true age 
 for ageing error type 4","Numbers",2021-10-14 14:50:34,"StartTime: Wed Oct 13 13:52:43 2021"
"comp_lendat__aggregated_across_time.png","Length comp data, aggregated across time by fleet.
 <br> Labels 'retained' and 'discard' indicate discarded or retained sampled for each fleet. Panels without this designation represent the whole catch.
","CompDat",2021-10-14 14:50:34,"StartTime: Wed Oct 13 13:52:43 2021"
"comp_lendat__multi-fleet_comparison.png","Length comp data,  comparing across fleets","CompDat",2021-10-14 14:50:34,"StartTime: Wed Oct 13 13:52:43 2021"
"comp_lendat_flt1mkt0_page1.png","Length comp data, whole catch, FshTrawl (plot 1 of 2).<br><br>'N adj.' is the input sample size after data-weighting adjustment. N eff. is the calculated effective sample size used in the McAllister-Ianelli tuning method.","CompDat",2021-10-14 14:50:34,"StartTime: Wed Oct 13 13:52:43 2021"
"comp_lendat_flt1mkt0_page2.png","Length comp data, whole catch, FshTrawl (plot 2 of 2)","CompDat",2021-10-14 14:50:34,"StartTime: Wed Oct 13 13:52:43 2021"
"comp_lendat_bubflt1mkt0_page2.png","Length comp data, whole catch, FshTrawl (max=0.1) (plot 2 of 2)","CompDat",2021-10-14 14:50:34,"StartTime: Wed Oct 13 13:52:43 2021"
"comp_lendat_data_weighting_TA1.8_FshTrawl.png","Mean length for FshTrawl with 95% confidence intervals based on current samples sizes.","CompDat",2021-10-14 14:50:34,"StartTime: Wed Oct 13 13:52:43 2021"
"comp_lendat_flt2mkt0_page1.png","Length comp data, whole catch, FshLL (plot 1 of 2).<br><br>'N adj.' is the input sample size after data-weighting adjustment. N eff. is the calculated effective sample size used in the McAllister-Ianelli tuning method.","CompDat",2021-10-14 14:50:34,"StartTime: Wed Oct 13 13:52:43 2021"
"comp_lendat_flt2mkt0_page2.png","Length comp data, whole catch, FshLL (plot 2 of 2)","CompDat",2021-10-14 14:50:34,"StartTime: Wed Oct 13 13:52:43 2021"
"comp_lendat_bubflt2mkt0_page2.png","Length comp data, whole catch, FshLL (max=0.08) (plot 2 of 2)","CompDat",2021-10-14 14:50:34,"StartTime: Wed Oct 13 13:52:43 2021"
"comp_lendat_data_weighting_TA1.8_FshLL.png","Mean length for FshLL with 95% confidence intervals based on current samples sizes.","CompDat",2021-10-14 14:50:34,"StartTime: Wed Oct 13 13:52:43 2021"
"comp_lendat_flt3mkt0_page1.png","Length comp data, whole catch, FshPot (plot 1 of 2).<br><br>'N adj.' is the input sample size after data-weighting adjustment. N eff. is the calculated effective sample size used in the McAllister-Ianelli tuning method.","CompDat",2021-10-14 14:50:34,"StartTime: Wed Oct 13 13:52:43 2021"
"comp_lendat_flt3mkt0_page2.png","Length comp data, whole catch, FshPot (plot 2 of 2)","CompDat",2021-10-14 14:50:34,"StartTime: Wed Oct 13 13:52:43 2021"
"comp_lendat_bubflt3mkt0_page2.png","Length comp data, whole catch, FshPot (max=0.08) (plot 2 of 2)","CompDat",2021-10-14 14:50:34,"StartTime: Wed Oct 13 13:52:43 2021"
"comp_lendat_data_weighting_TA1.8_FshPot.png","Mean length for FshPot with 95% confidence intervals based on current samples sizes.","CompDat",2021-10-14 14:50:34,"StartTime: Wed Oct 13 13:52:43 2021"
"comp_lendat_flt4mkt0.png","Length comp data, whole catch, Srv.<br><br>'N adj.' is the input sample size after data-weighting adjustment. N eff. is the calculated effective sample size used in the McAllister-Ianelli tuning method.","CompDat",2021-10-14 14:50:34,"StartTime: Wed Oct 13 13:52:43 2021"
"comp_lendat_bubflt4mkt0.png","Length comp data, whole catch, Srv (max=0.07)","CompDat",2021-10-14 14:50:34,"StartTime: Wed Oct 13 13:52:43 2021"
"comp_lendat_data_weighting_TA1.8_Srv.png","Mean length for Srv with 95% confidence intervals based on current samples sizes.","CompDat",2021-10-14 14:50:34,"StartTime: Wed Oct 13 13:52:43 2021"
"comp_lendat_flt5mkt0_page1.png","Length comp data, whole catch, LLSrv (plot 1 of 2).<br><br>'N adj.' is the input sample size after data-weighting adjustment. N eff. is the calculated effective sample size used in the McAllister-Ianelli tuning method.","CompDat",2021-10-14 14:50:34,"StartTime: Wed Oct 13 13:52:43 2021"
"comp_lendat_flt5mkt0_page2.png","Length comp data, whole catch, LLSrv (plot 2 of 2)","CompDat",2021-10-14 14:50:34,"StartTime: Wed Oct 13 13:52:43 2021"
"comp_lendat_bubflt5mkt0_page2.png","Length comp data, whole catch, LLSrv (max=0.09) (plot 2 of 2)","CompDat",2021-10-14 14:50:34,"StartTime: Wed Oct 13 13:52:43 2021"
"comp_lendat_data_weighting_TA1.8_LLSrv.png","Mean length for LLSrv with 95% confidence intervals based on current samples sizes.","CompDat",2021-10-14 14:50:34,"StartTime: Wed Oct 13 13:52:43 2021"
"comp_gstagedat_flt1mkt0.png","Ghost age comp data, whole catch, FshTrawl.<br><br>'N adj.' is the input sample size after data-weighting adjustment. N eff. is the calculated effective sample size used in the McAllister-Ianelli tuning method.","CompDat",2021-10-14 14:50:34,"StartTime: Wed Oct 13 13:52:43 2021"
"comp_gstagedat_bubflt1mkt0.png","Ghost age comp data, whole catch, FshTrawl (max=0.5)","CompDat",2021-10-14 14:50:34,"StartTime: Wed Oct 13 13:52:43 2021"
"comp_gstagedat_flt2mkt0.png","Ghost age comp data, whole catch, FshLL.<br><br>'N adj.' is the input sample size after data-weighting adjustment. N eff. is the calculated effective sample size used in the McAllister-Ianelli tuning method.","CompDat",2021-10-14 14:50:34,"StartTime: Wed Oct 13 13:52:43 2021"
"comp_gstagedat_bubflt2mkt0.png","Ghost age comp data, whole catch, FshLL (max=0.61)","CompDat",2021-10-14 14:50:34,"StartTime: Wed Oct 13 13:52:43 2021"
"comp_gstagedat_flt3mkt0.png","Ghost age comp data, whole catch, FshPot.<br><br>'N adj.' is the input sample size after data-weighting adjustment. N eff. is the calculated effective sample size used in the McAllister-Ianelli tuning method.","CompDat",2021-10-14 14:50:34,"StartTime: Wed Oct 13 13:52:43 2021"
"comp_gstagedat_bubflt3mkt0.png","Ghost age comp data, whole catch, FshPot (max=0.47)","CompDat",2021-10-14 14:50:34,"StartTime: Wed Oct 13 13:52:43 2021"
"comp_gstagedat_flt4mkt0.png","Ghost age comp data, whole catch, Srv.<br><br>'N adj.' is the input sample size after data-weighting adjustment. N eff. is the calculated effective sample size used in the McAllister-Ianelli tuning method.","CompDat",2021-10-14 14:50:34,"StartTime: Wed Oct 13 13:52:43 2021"
"comp_gstagedat_bubflt4mkt0.png","Ghost age comp data, whole catch, Srv (max=0.45)","CompDat",2021-10-14 14:50:34,"StartTime: Wed Oct 13 13:52:43 2021"
"comp_condAALdat_bubflt1mkt0.png","Conditional age-at-length data, whole catch, FshTrawl (max=1)","CompDat",2021-10-14 14:50:34,"StartTime: Wed Oct 13 13:52:43 2021"
"comp_condAALdat_data_weighting_TA1.8_condAgeFshTrawl.png","Mean age from conditional data (aggregated across length bins) for FshTrawl with 95% confidence intervals  based on current samples sizes.","CompDat",2021-10-14 14:50:34,"StartTime: Wed Oct 13 13:52:43 2021"
"comp_condAALdat_Andre_plotsflt1mkt0_page1.png","Conditional AAL plot, whole catch, FshTrawl (plot 1 of 4)
These plots show mean age and std. dev. in conditional A@L.<br>Left plots are mean A@L by size-class (obs. and exp.) with 90% CIs based on adding 1.64 SE of mean to the data.<br>Right plots in each pair are SE of mean A@L (obs. and exp.) with 90% CIs based on the chi-square distribution.","CompDat",2021-10-14 14:50:34,"StartTime: Wed Oct 13 13:52:43 2021"
"comp_condAALdat_Andre_plotsflt1mkt0_page2.png","Conditional AAL plot, whole catch, FshTrawl (plot 2 of 4)","CompDat",2021-10-14 14:50:34,"StartTime: Wed Oct 13 13:52:43 2021"
"comp_condAALdat_Andre_plotsflt1mkt0_page3.png","Conditional AAL plot, whole catch, FshTrawl (plot 3 of 4)","CompDat",2021-10-14 14:50:34,"StartTime: Wed Oct 13 13:52:43 2021"
"comp_condAALdat_Andre_plotsflt1mkt0_page4.png","Conditional AAL plot, whole catch, FshTrawl (plot 4 of 4)","CompDat",2021-10-14 14:50:34,"StartTime: Wed Oct 13 13:52:43 2021"
"comp_condAALdat_bubflt2mkt0.png","Conditional age-at-length data, whole catch, FshLL (max=1)","CompDat",2021-10-14 14:50:34,"StartTime: Wed Oct 13 13:52:43 2021"
"comp_condAALdat_data_weighting_TA1.8_condAgeFshLL.png","Mean age from conditional data (aggregated across length bins) for FshLL with 95% confidence intervals  based on current samples sizes.","CompDat",2021-10-14 14:50:34,"StartTime: Wed Oct 13 13:52:43 2021"
"comp_condAALdat_Andre_plotsflt2mkt0_page1.png","Conditional AAL plot, whole catch, FshLL (plot 1 of 4)
These plots show mean age and std. dev. in conditional A@L.<br>Left plots are mean A@L by size-class (obs. and exp.) with 90% CIs based on adding 1.64 SE of mean to the data.<br>Right plots in each pair are SE of mean A@L (obs. and exp.) with 90% CIs based on the chi-square distribution.","CompDat",2021-10-14 14:50:34,"StartTime: Wed Oct 13 13:52:43 2021"
"comp_condAALdat_Andre_plotsflt2mkt0_page2.png","Conditional AAL plot, whole catch, FshLL (plot 2 of 4)","CompDat",2021-10-14 14:50:34,"StartTime: Wed Oct 13 13:52:43 2021"
"comp_condAALdat_Andre_plotsflt2mkt0_page3.png","Conditional AAL plot, whole catch, FshLL (plot 3 of 4)","CompDat",2021-10-14 14:50:34,"StartTime: Wed Oct 13 13:52:43 2021"
"comp_condAALdat_Andre_plotsflt2mkt0_page4.png","Conditional AAL plot, whole catch, FshLL (plot 4 of 4)","CompDat",2021-10-14 14:50:34,"StartTime: Wed Oct 13 13:52:43 2021"
"comp_condAALdat_bubflt3mkt0.png","Conditional age-at-length data, whole catch, FshPot (max=1)","CompDat",2021-10-14 14:50:34,"StartTime: Wed Oct 13 13:52:43 2021"
"comp_condAALdat_data_weighting_TA1.8_condAgeFshPot.png","Mean age from conditional data (aggregated across length bins) for FshPot with 95% confidence intervals  based on current samples sizes.","CompDat",2021-10-14 14:50:34,"StartTime: Wed Oct 13 13:52:43 2021"
"comp_condAALdat_Andre_plotsflt3mkt0_page1.png","Conditional AAL plot, whole catch, FshPot (plot 1 of 4)
These plots show mean age and std. dev. in conditional A@L.<br>Left plots are mean A@L by size-class (obs. and exp.) with 90% CIs based on adding 1.64 SE of mean to the data.<br>Right plots in each pair are SE of mean A@L (obs. and exp.) with 90% CIs based on the chi-square distribution.","CompDat",2021-10-14 14:50:34,"StartTime: Wed Oct 13 13:52:43 2021"
"comp_condAALdat_Andre_plotsflt3mkt0_page2.png","Conditional AAL plot, whole catch, FshPot (plot 2 of 4)","CompDat",2021-10-14 14:50:34,"StartTime: Wed Oct 13 13:52:43 2021"
"comp_condAALdat_Andre_plotsflt3mkt0_page3.png","Conditional AAL plot, whole catch, FshPot (plot 3 of 4)","CompDat",2021-10-14 14:50:34,"StartTime: Wed Oct 13 13:52:43 2021"
"comp_condAALdat_Andre_plotsflt3mkt0_page4.png","Conditional AAL plot, whole catch, FshPot (plot 4 of 4)","CompDat",2021-10-14 14:50:34,"StartTime: Wed Oct 13 13:52:43 2021"
"comp_condAALdat_bubflt4mkt0.png","Conditional age-at-length data, whole catch, Srv (max=1)","CompDat",2021-10-14 14:50:34,"StartTime: Wed Oct 13 13:52:43 2021"
"comp_condAALdat_data_weighting_TA1.8_condAgeSrv.png","Mean age from conditional data (aggregated across length bins) for Srv with 95% confidence intervals  based on current samples sizes.","CompDat",2021-10-14 14:50:34,"StartTime: Wed Oct 13 13:52:43 2021"
"comp_condAALdat_Andre_plotsflt4mkt0_page1.png","Conditional AAL plot, whole catch, Srv (plot 1 of 4)
These plots show mean age and std. dev. in conditional A@L.<br>Left plots are mean A@L by size-class (obs. and exp.) with 90% CIs based on adding 1.64 SE of mean to the data.<br>Right plots in each pair are SE of mean A@L (obs. and exp.) with 90% CIs based on the chi-square distribution.","CompDat",2021-10-14 14:50:34,"StartTime: Wed Oct 13 13:52:43 2021"
"comp_condAALdat_Andre_plotsflt4mkt0_page2.png","Conditional AAL plot, whole catch, Srv (plot 2 of 4)","CompDat",2021-10-14 14:50:34,"StartTime: Wed Oct 13 13:52:43 2021"
"comp_condAALdat_Andre_plotsflt4mkt0_page3.png","Conditional AAL plot, whole catch, Srv (plot 3 of 4)","CompDat",2021-10-14 14:50:34,"StartTime: Wed Oct 13 13:52:43 2021"
"comp_condAALdat_Andre_plotsflt4mkt0_page4.png","Conditional AAL plot, whole catch, Srv (plot 4 of 4)","CompDat",2021-10-14 14:50:34,"StartTime: Wed Oct 13 13:52:43 2021"
"comp_lenfit__aggregated_across_time.png","Length comps, aggregated across time by fleet.
 <br> Labels 'retained' and 'discard' indicate discarded or retained sampled for each fleet. Panels without this designation represent the whole catch.
","LenComp",2021-10-14 14:50:34,"StartTime: Wed Oct 13 13:52:43 2021"
"comp_lenfit__multi-fleet_comparison.png","Pearson residuals,  comparing across fleets <br> 
Closed bubbles are positive residuals (observed > expected) and open bubbles are negative residuals (observed < expected).","LenComp",2021-10-14 14:50:34,"StartTime: Wed Oct 13 13:52:43 2021"
"comp_lenfit_flt1mkt0_page1.png","Length comps, whole catch, FshTrawl (plot 1 of 2).<br><br>'N adj.' is the input sample size after data-weighting adjustment. N eff. is the calculated effective sample size used in the McAllister-Ianelli tuning method.","LenComp",2021-10-14 14:50:34,"StartTime: Wed Oct 13 13:52:43 2021"
"comp_lenfit_flt1mkt0_page2.png","Length comps, whole catch, FshTrawl (plot 2 of 2)","LenComp",2021-10-14 14:50:34,"StartTime: Wed Oct 13 13:52:43 2021"
"comp_lenfit_residsflt1mkt0_page2.png","Pearson residuals, whole catch, FshTrawl (max=6.3) (plot 2 of 2) <br> 
Closed bubbles are positive residuals (observed > expected) and open bubbles are negative residuals (observed < expected).","LenComp",2021-10-14 14:50:34,"StartTime: Wed Oct 13 13:52:43 2021"
"comp_lenfit_sampsize_flt1mkt0.png","N-EffN comparison, Length comps, whole catch, FshTrawl","LenComp",2021-10-14 14:50:34,"StartTime: Wed Oct 13 13:52:43 2021"
"comp_lenfit_data_weighting_TA1.8_FshTrawl.png","Mean length for FshTrawl with 95% confidence intervals based on current samples sizes.<br>Francis data weighting method TA1.8: thinner intervals (with capped ends) show result of further adjusting sample sizes based on suggested multiplier (with 95% interval) for len data from FshTrawl:<br>0.1731 (0.1064-0.3505) <br><br>For more info, see<br> <blockquote>Francis, R.I.C.C. (2011). Data weighting in statistical fisheries stock assessment models. <i>Can. J. Fish. Aquat. Sci.</i> 68: 1124-1138.  <a href=https://doi.org/10.1139/f2011-025> https://doi.org/10.1139/f2011-025</a> </blockquote>","LenComp",2021-10-14 14:50:34,"StartTime: Wed Oct 13 13:52:43 2021"
"comp_lenfit_flt2mkt0_page1.png","Length comps, whole catch, FshLL (plot 1 of 2).<br><br>'N adj.' is the input sample size after data-weighting adjustment. N eff. is the calculated effective sample size used in the McAllister-Ianelli tuning method.","LenComp",2021-10-14 14:50:34,"StartTime: Wed Oct 13 13:52:43 2021"
"comp_lenfit_flt2mkt0_page2.png","Length comps, whole catch, FshLL (plot 2 of 2)","LenComp",2021-10-14 14:50:34,"StartTime: Wed Oct 13 13:52:43 2021"
"comp_lenfit_residsflt2mkt0_page2.png","Pearson residuals, whole catch, FshLL (max=3.74) (plot 2 of 2) <br> 
Closed bubbles are positive residuals (observed > expected) and open bubbles are negative residuals (observed < expected).","LenComp",2021-10-14 14:50:34,"StartTime: Wed Oct 13 13:52:43 2021"
"comp_lenfit_sampsize_flt2mkt0.png","N-EffN comparison, Length comps, whole catch, FshLL","LenComp",2021-10-14 14:50:34,"StartTime: Wed Oct 13 13:52:43 2021"
"comp_lenfit_data_weighting_TA1.8_FshLL.png","Mean length for FshLL with 95% confidence intervals based on current samples sizes.<br>Francis data weighting method TA1.8: thinner intervals (with capped ends) show result of further adjusting sample sizes based on suggested multiplier (with 95% interval) for len data from FshLL:<br>0.4718 (0.3164-0.7583) <br><br>For more info, see<br> <blockquote>Francis, R.I.C.C. (2011). Data weighting in statistical fisheries stock assessment models. <i>Can. J. Fish. Aquat. Sci.</i> 68: 1124-1138.  <a href=https://doi.org/10.1139/f2011-025> https://doi.org/10.1139/f2011-025</a> </blockquote>","LenComp",2021-10-14 14:50:34,"StartTime: Wed Oct 13 13:52:43 2021"
"comp_lenfit_flt3mkt0_page1.png","Length comps, whole catch, FshPot (plot 1 of 2).<br><br>'N adj.' is the input sample size after data-weighting adjustment. N eff. is the calculated effective sample size used in the McAllister-Ianelli tuning method.","LenComp",2021-10-14 14:50:34,"StartTime: Wed Oct 13 13:52:43 2021"
"comp_lenfit_flt3mkt0_page2.png","Length comps, whole catch, FshPot (plot 2 of 2)","LenComp",2021-10-14 14:50:34,"StartTime: Wed Oct 13 13:52:43 2021"
"comp_lenfit_residsflt3mkt0_page2.png","Pearson residuals, whole catch, FshPot (max=5.12) (plot 2 of 2) <br> 
Closed bubbles are positive residuals (observed > expected) and open bubbles are negative residuals (observed < expected).","LenComp",2021-10-14 14:50:34,"StartTime: Wed Oct 13 13:52:43 2021"
"comp_lenfit_sampsize_flt3mkt0.png","N-EffN comparison, Length comps, whole catch, FshPot","LenComp",2021-10-14 14:50:34,"StartTime: Wed Oct 13 13:52:43 2021"
"comp_lenfit_data_weighting_TA1.8_FshPot.png","Mean length for FshPot with 95% confidence intervals based on current samples sizes.<br>Francis data weighting method TA1.8: thinner intervals (with capped ends) show result of further adjusting sample sizes based on suggested multiplier (with 95% interval) for len data from FshPot:<br>0.1569 (0.1079-0.282) <br><br>For more info, see<br> <blockquote>Francis, R.I.C.C. (2011). Data weighting in statistical fisheries stock assessment models. <i>Can. J. Fish. Aquat. Sci.</i> 68: 1124-1138.  <a href=https://doi.org/10.1139/f2011-025> https://doi.org/10.1139/f2011-025</a> </blockquote>","LenComp",2021-10-14 14:50:34,"StartTime: Wed Oct 13 13:52:43 2021"
"comp_lenfit_flt4mkt0.png","Length comps, whole catch, Srv.<br><br>'N adj.' is the input sample size after data-weighting adjustment. N eff. is the calculated effective sample size used in the McAllister-Ianelli tuning method.","LenComp",2021-10-14 14:50:34,"StartTime: Wed Oct 13 13:52:43 2021"
"comp_lenfit_residsflt4mkt0.png","Pearson residuals, whole catch, Srv (max=12.7) <br> 
Closed bubbles are positive residuals (observed > expected) and open bubbles are negative residuals (observed < expected).","LenComp",2021-10-14 14:50:34,"StartTime: Wed Oct 13 13:52:43 2021"
"comp_lenfit_sampsize_flt4mkt0.png","N-EffN comparison, Length comps, whole catch, Srv","LenComp",2021-10-14 14:50:34,"StartTime: Wed Oct 13 13:52:43 2021"
"comp_lenfit_data_weighting_TA1.8_Srv.png","Mean length for Srv with 95% confidence intervals based on current samples sizes.<br>Francis data weighting method TA1.8: thinner intervals (with capped ends) show result of further adjusting sample sizes based on suggested multiplier (with 95% interval) for len data from Srv:<br>0.5272 (0.3309-1.27) <br><br>For more info, see<br> <blockquote>Francis, R.I.C.C. (2011). Data weighting in statistical fisheries stock assessment models. <i>Can. J. Fish. Aquat. Sci.</i> 68: 1124-1138.  <a href=https://doi.org/10.1139/f2011-025> https://doi.org/10.1139/f2011-025</a> </blockquote>","LenComp",2021-10-14 14:50:34,"StartTime: Wed Oct 13 13:52:43 2021"
"comp_lenfit_flt5mkt0_page1.png","Length comps, whole catch, LLSrv (plot 1 of 2).<br><br>'N adj.' is the input sample size after data-weighting adjustment. N eff. is the calculated effective sample size used in the McAllister-Ianelli tuning method.","LenComp",2021-10-14 14:50:34,"StartTime: Wed Oct 13 13:52:43 2021"
"comp_lenfit_flt5mkt0_page2.png","Length comps, whole catch, LLSrv (plot 2 of 2)","LenComp",2021-10-14 14:50:34,"StartTime: Wed Oct 13 13:52:43 2021"
"comp_lenfit_residsflt5mkt0_page2.png","Pearson residuals, whole catch, LLSrv (max=4.38) (plot 2 of 2) <br> 
Closed bubbles are positive residuals (observed > expected) and open bubbles are negative residuals (observed < expected).","LenComp",2021-10-14 14:50:34,"StartTime: Wed Oct 13 13:52:43 2021"
"comp_lenfit_sampsize_flt5mkt0.png","N-EffN comparison, Length comps, whole catch, LLSrv","LenComp",2021-10-14 14:50:34,"StartTime: Wed Oct 13 13:52:43 2021"
"comp_lenfit_data_weighting_TA1.8_LLSrv.png","Mean length for LLSrv with 95% confidence intervals based on current samples sizes.<br>Francis data weighting method TA1.8: thinner intervals (with capped ends) show result of further adjusting sample sizes based on suggested multiplier (with 95% interval) for len data from LLSrv:<br>0.412 (0.2728-0.7414) <br><br>For more info, see<br> <blockquote>Francis, R.I.C.C. (2011). Data weighting in statistical fisheries stock assessment models. <i>Can. J. Fish. Aquat. Sci.</i> 68: 1124-1138.  <a href=https://doi.org/10.1139/f2011-025> https://doi.org/10.1139/f2011-025</a> </blockquote>","LenComp",2021-10-14 14:50:34,"StartTime: Wed Oct 13 13:52:43 2021"
"comp_gstagefit_flt1mkt0.png","Ghost age comps, whole catch, FshTrawl.<br><br>'N adj.' is the input sample size after data-weighting adjustment. N eff. is the calculated effective sample size used in the McAllister-Ianelli tuning method.","AgeComp",2021-10-14 14:50:34,"StartTime: Wed Oct 13 13:52:43 2021"
"comp_gstagefit_residsflt1mkt0.png","Pearson residuals, whole catch, FshTrawl (max=NA) <br> 
Closed bubbles are positive residuals (observed > expected) and open bubbles are negative residuals (observed < expected).","AgeComp",2021-10-14 14:50:34,"StartTime: Wed Oct 13 13:52:43 2021"
"comp_gstagefit_flt2mkt0.png","Ghost age comps, whole catch, FshLL.<br><br>'N adj.' is the input sample size after data-weighting adjustment. N eff. is the calculated effective sample size used in the McAllister-Ianelli tuning method.","AgeComp",2021-10-14 14:50:34,"StartTime: Wed Oct 13 13:52:43 2021"
"comp_gstagefit_residsflt2mkt0.png","Pearson residuals, whole catch, FshLL (max=NA) <br> 
Closed bubbles are positive residuals (observed > expected) and open bubbles are negative residuals (observed < expected).","AgeComp",2021-10-14 14:50:34,"StartTime: Wed Oct 13 13:52:43 2021"
"comp_gstagefit_flt3mkt0.png","Ghost age comps, whole catch, FshPot.<br><br>'N adj.' is the input sample size after data-weighting adjustment. N eff. is the calculated effective sample size used in the McAllister-Ianelli tuning method.","AgeComp",2021-10-14 14:50:34,"StartTime: Wed Oct 13 13:52:43 2021"
"comp_gstagefit_residsflt3mkt0.png","Pearson residuals, whole catch, FshPot (max=NA) <br> 
Closed bubbles are positive residuals (observed > expected) and open bubbles are negative residuals (observed < expected).","AgeComp",2021-10-14 14:50:34,"StartTime: Wed Oct 13 13:52:43 2021"
"comp_gstagefit_flt4mkt0.png","Ghost age comps, whole catch, Srv.<br><br>'N adj.' is the input sample size after data-weighting adjustment. N eff. is the calculated effective sample size used in the McAllister-Ianelli tuning method.","AgeComp",2021-10-14 14:50:34,"StartTime: Wed Oct 13 13:52:43 2021"
"comp_gstagefit_residsflt4mkt0.png","Pearson residuals, whole catch, Srv (max=NA) <br> 
Closed bubbles are positive residuals (observed > expected) and open bubbles are negative residuals (observed < expected).","AgeComp",2021-10-14 14:50:34,"StartTime: Wed Oct 13 13:52:43 2021"
"comp_condAALfit_residsflt1mkt0.png","Pearson residuals, whole catch, FshTrawl (max=6)","A@LComp",2021-10-14 14:50:34,"StartTime: Wed Oct 13 13:52:43 2021"
"comp_condAALfit_residsflt2mkt0.png","Pearson residuals, whole catch, FshLL (max=5.01)","A@LComp",2021-10-14 14:50:34,"StartTime: Wed Oct 13 13:52:43 2021"
"comp_condAALfit_residsflt3mkt0.png","Pearson residuals, whole catch, FshPot (max=6.5)","A@LComp",2021-10-14 14:50:34,"StartTime: Wed Oct 13 13:52:43 2021"
"comp_condAALfit_residsflt4mkt0.png","Pearson residuals, whole catch, Srv (max=4.08)","A@LComp",2021-10-14 14:50:34,"StartTime: Wed Oct 13 13:52:43 2021"
"comp_condAALfit_data_weighting_TA1.8_condAgeFshTrawl.png","Mean age from conditional data (aggregated across length bins) for FshTrawl with 95% confidence intervals  based on current samples sizes.<br>Francis data weighting method TA1.8: thinner intervals (with capped ends) show result of further adjusting sample sizes based on suggested multiplier (with 95% interval) for conditional age-at-length data from FshTrawl:<br>0.3164 (0.2322-0.6179) <br><br>For more info, see<br> <blockquote>Francis, R.I.C.C. (2011). Data weighting in statistical fisheries stock assessment models. <i>Can. J. Fish. Aquat. Sci.</i> 68: 1124-1138.</blockquote>","A@LComp",2021-10-14 14:50:34,"StartTime: Wed Oct 13 13:52:43 2021"
"comp_condAALfit_Andre_plotsflt1mkt0_page1.png","Conditional AAL plot, whole catch, FshTrawl (plot 1 of 4)
These plots show mean age and std. dev. in conditional A@L.<br>Left plots are mean A@L by size-class (obs. and exp.) with 90% CIs based on adding 1.64 SE of mean to the data.<br>Right plots in each pair are SE of mean A@L (obs. and exp.) with 90% CIs based on the chi-square distribution.","A@LComp",2021-10-14 14:50:34,"StartTime: Wed Oct 13 13:52:43 2021"
"comp_condAALfit_Andre_plotsflt1mkt0_page2.png","Conditional AAL plot, whole catch, FshTrawl (plot 2 of 4)","A@LComp",2021-10-14 14:50:34,"StartTime: Wed Oct 13 13:52:43 2021"
"comp_condAALfit_Andre_plotsflt1mkt0_page3.png","Conditional AAL plot, whole catch, FshTrawl (plot 3 of 4)","A@LComp",2021-10-14 14:50:34,"StartTime: Wed Oct 13 13:52:43 2021"
"comp_condAALfit_Andre_plotsflt1mkt0_page4.png","Conditional AAL plot, whole catch, FshTrawl (plot 4 of 4)","A@LComp",2021-10-14 14:50:34,"StartTime: Wed Oct 13 13:52:43 2021"
"comp_condAALfit_data_weighting_TA1.8_condAgeFshLL.png","Mean age from conditional data (aggregated across length bins) for FshLL with 95% confidence intervals  based on current samples sizes.<br>Francis data weighting method TA1.8: thinner intervals (with capped ends) show result of further adjusting sample sizes based on suggested multiplier (with 95% interval) for conditional age-at-length data from FshLL:<br>0.2374 (0.1761-0.5328) <br><br>For more info, see<br> <blockquote>Francis, R.I.C.C. (2011). Data weighting in statistical fisheries stock assessment models. <i>Can. J. Fish. Aquat. Sci.</i> 68: 1124-1138.</blockquote>","A@LComp",2021-10-14 14:50:34,"StartTime: Wed Oct 13 13:52:43 2021"
"comp_condAALfit_Andre_plotsflt2mkt0_page1.png","Conditional AAL plot, whole catch, FshLL (plot 1 of 4)
These plots show mean age and std. dev. in conditional A@L.<br>Left plots are mean A@L by size-class (obs. and exp.) with 90% CIs based on adding 1.64 SE of mean to the data.<br>Right plots in each pair are SE of mean A@L (obs. and exp.) with 90% CIs based on the chi-square distribution.","A@LComp",2021-10-14 14:50:34,"StartTime: Wed Oct 13 13:52:43 2021"
"comp_condAALfit_Andre_plotsflt2mkt0_page2.png","Conditional AAL plot, whole catch, FshLL (plot 2 of 4)","A@LComp",2021-10-14 14:50:34,"StartTime: Wed Oct 13 13:52:43 2021"
"comp_condAALfit_Andre_plotsflt2mkt0_page3.png","Conditional AAL plot, whole catch, FshLL (plot 3 of 4)","A@LComp",2021-10-14 14:50:34,"StartTime: Wed Oct 13 13:52:43 2021"
"comp_condAALfit_Andre_plotsflt2mkt0_page4.png","Conditional AAL plot, whole catch, FshLL (plot 4 of 4)","A@LComp",2021-10-14 14:50:34,"StartTime: Wed Oct 13 13:52:43 2021"
"comp_condAALfit_data_weighting_TA1.8_condAgeFshPot.png","Mean age from conditional data (aggregated across length bins) for FshPot with 95% confidence intervals  based on current samples sizes.<br>Francis data weighting method TA1.8: thinner intervals (with capped ends) show result of further adjusting sample sizes based on suggested multiplier (with 95% interval) for conditional age-at-length data from FshPot:<br>0.3199 (0.1959-0.8222) <br><br>For more info, see<br> <blockquote>Francis, R.I.C.C. (2011). Data weighting in statistical fisheries stock assessment models. <i>Can. J. Fish. Aquat. Sci.</i> 68: 1124-1138.</blockquote>","A@LComp",2021-10-14 14:50:34,"StartTime: Wed Oct 13 13:52:43 2021"
"comp_condAALfit_Andre_plotsflt3mkt0_page1.png","Conditional AAL plot, whole catch, FshPot (plot 1 of 4)
These plots show mean age and std. dev. in conditional A@L.<br>Left plots are mean A@L by size-class (obs. and exp.) with 90% CIs based on adding 1.64 SE of mean to the data.<br>Right plots in each pair are SE of mean A@L (obs. and exp.) with 90% CIs based on the chi-square distribution.","A@LComp",2021-10-14 14:50:34,"StartTime: Wed Oct 13 13:52:43 2021"
"comp_condAALfit_Andre_plotsflt3mkt0_page2.png","Conditional AAL plot, whole catch, FshPot (plot 2 of 4)","A@LComp",2021-10-14 14:50:34,"StartTime: Wed Oct 13 13:52:43 2021"
"comp_condAALfit_Andre_plotsflt3mkt0_page3.png","Conditional AAL plot, whole catch, FshPot (plot 3 of 4)","A@LComp",2021-10-14 14:50:34,"StartTime: Wed Oct 13 13:52:43 2021"
"comp_condAALfit_Andre_plotsflt3mkt0_page4.png","Conditional AAL plot, whole catch, FshPot (plot 4 of 4)","A@LComp",2021-10-14 14:50:34,"StartTime: Wed Oct 13 13:52:43 2021"
"comp_condAALfit_data_weighting_TA1.8_condAgeSrv.png","Mean age from conditional data (aggregated across length bins) for Srv with 95% confidence intervals  based on current samples sizes.<br>Francis data weighting method TA1.8: thinner intervals (with capped ends) show result of further adjusting sample sizes based on suggested multiplier (with 95% interval) for conditional age-at-length data from Srv:<br>0.2076 (0.1374-0.5114) <br><br>For more info, see<br> <blockquote>Francis, R.I.C.C. (2011). Data weighting in statistical fisheries stock assessment models. <i>Can. J. Fish. Aquat. Sci.</i> 68: 1124-1138.</blockquote>","A@LComp",2021-10-14 14:50:34,"StartTime: Wed Oct 13 13:52:43 2021"
"comp_condAALfit_Andre_plotsflt4mkt0_page1.png","Conditional AAL plot, whole catch, Srv (plot 1 of 4)
These plots show mean age and std. dev. in conditional A@L.<br>Left plots are mean A@L by size-class (obs. and exp.) with 90% CIs based on adding 1.64 SE of mean to the data.<br>Right plots in each pair are SE of mean A@L (obs. and exp.) with 90% CIs based on the chi-square distribution.","A@LComp",2021-10-14 14:50:34,"StartTime: Wed Oct 13 13:52:43 2021"
"comp_condAALfit_Andre_plotsflt4mkt0_page2.png","Conditional AAL plot, whole catch, Srv (plot 2 of 4)","A@LComp",2021-10-14 14:50:34,"StartTime: Wed Oct 13 13:52:43 2021"
"comp_condAALfit_Andre_plotsflt4mkt0_page3.png","Conditional AAL plot, whole catch, Srv (plot 3 of 4)","A@LComp",2021-10-14 14:50:34,"StartTime: Wed Oct 13 13:52:43 2021"
"comp_condAALfit_Andre_plotsflt4mkt0_page4.png","Conditional AAL plot, whole catch, Srv (plot 4 of 4)","A@LComp",2021-10-14 14:50:34,"StartTime: Wed Oct 13 13:52:43 2021"
"comp_LAAdat_flt4mkt0.png","Mean length at age data, whole catch, Srv.<br><br>'N adj.' is the input sample size after data-weighting adjustment. N eff. is the calculated effective sample size used in the McAllister-Ianelli tuning method.","Mean@A",2021-10-14 14:50:34,"StartTime: Wed Oct 13 13:52:43 2021"
"comp_LAAdat_bubflt4mkt0.png","Mean length at age data, whole catch, Srv (max=102.5)","Mean@A",2021-10-14 14:50:34,"StartTime: Wed Oct 13 13:52:43 2021"
"comp_LAAfit_flt4mkt0.png","Mean length at age fit, whole catch, Srv.<br><br>'N adj.' is the input sample size after data-weighting adjustment. N eff. is the calculated effective sample size used in the McAllister-Ianelli tuning method.","Mean@A",2021-10-14 14:50:34,"StartTime: Wed Oct 13 13:52:43 2021"
"comp_LAAfit_residsflt4mkt0.png","Pearson residuals, whole catch, Srv (max=NA) <br> 
Closed bubbles are positive residuals (observed > expected) and open bubbles are negative residuals (observed < expected).","Mean@A",2021-10-14 14:50:34,"StartTime: Wed Oct 13 13:52:43 2021"
"yield1_yield_curve.png","Yield curve","Yield",2021-10-14 14:50:34,"StartTime: Wed Oct 13 13:52:43 2021"
"yield2_yield_curve_with_refpoints.png","Yield curve with reference points","Yield",2021-10-14 14:50:34,"StartTime: Wed Oct 13 13:52:43 2021"
"yield3_surplus_production.png","Surplus production vs. biomass plot. For interpretation, see<br> <blockquote>Walters, Hilborn, and  Christensen, 2008, Surplus production dynamics in declining and recovering fish populations. <i>Can. J. Fish. Aquat. Sci.</i> 65: 2536-2551.</blockquote>","Yield",2021-10-14 14:50:34,"StartTime: Wed Oct 13 13:52:43 2021"
"data_plot.png","Data presence by year for each fleet and data type.","Data",2021-10-14 14:50:34,"StartTime: Wed Oct 13 13:52:43 2021"
"data_plot2.png","Data presence by year for each fleet, where circle area is <br>  relative within a data type. Circles are proportional to <br>  total catch for catches; to precision for indices, discards, and <br>  mean body weight observations; and to total sample size for <br> compositions and mean weight- or length-at-age observations. <br> 'Ghost' observations (not included in the likelihood) have <br> equal size for all years. <br> Note that since the circles are are scaled relative <br>  to maximum within each type, the scaling within separate plots <br>  should not be compared.","Data",2021-10-14 14:50:34,"StartTime: Wed Oct 13 13:52:43 2021"
"parameter_distributions_page1.png","Parameter distribution plots (plot 1 of 10). <br>Deviation parameters are not included. <br>Plotting range is equal to input limits on parameters. Use fitrange = TRUE to scale the range to the estimates.","Pars",2021-10-14 14:50:34,"StartTime: Wed Oct 13 13:52:43 2021"
"parameter_distributions_page2.png","Parameter distribution plots (plot 2 of 10).","Pars",2021-10-14 14:50:34,"StartTime: Wed Oct 13 13:52:43 2021"
"parameter_distributions_page3.png","Parameter distribution plots (plot 3 of 10).","Pars",2021-10-14 14:50:34,"StartTime: Wed Oct 13 13:52:43 2021"
"parameter_distributions_page4.png","Parameter distribution plots (plot 4 of 10).","Pars",2021-10-14 14:50:34,"StartTime: Wed Oct 13 13:52:43 2021"
"parameter_distributions_page5.png","Parameter distribution plots (plot 5 of 10).","Pars",2021-10-14 14:50:34,"StartTime: Wed Oct 13 13:52:43 2021"
"parameter_distributions_page6.png","Parameter distribution plots (plot 6 of 10).","Pars",2021-10-14 14:50:34,"StartTime: Wed Oct 13 13:52:43 2021"
"parameter_distributions_page7.png","Parameter distribution plots (plot 7 of 10).","Pars",2021-10-14 14:50:34,"StartTime: Wed Oct 13 13:52:43 2021"
"parameter_distributions_page9.png","Parameter distribution plots (plot 9 of 10).","Pars",2021-10-14 14:50:34,"StartTime: Wed Oct 13 13:52:43 2021"
"parameter_distributions_page10.png","Parameter distribution plots (plot 10 of 10).","Pars",2021-10-14 14:50:34,"StartTime: Wed Oct 13 13:52:43 2021"
"parameter_distributions_page11.png","Parameter distribution plots (plot 11 of 10).","Pars",2021-10-14 14:50:34,"StartTime: Wed Oct 13 13:52:43 2021"
"parameterchecks.html","Table of estimated parameters (excluding deviation parameters) sorted by parameters with the largest gradients; any parameter with a gradient value with an absolute value above 0.001 (for SS 3.30 models) or a parameter on bounds is colored in red.","DiagnosticTables",2021-10-14 14:50:34,"StartTime: Wed Oct 13 13:52:43 2021"
"correlationcheck.html","Table of estimated parameters with the ten highest correlation rates, sorted by highest correlations; any parameter with an absolute value of correlation above  is colored in red.","DiagnosticTables",2021-10-14 14:50:34,"StartTime: Wed Oct 13 13:52:43 2021"
"lowcorrelationcheck.html","Table of estimated parameters with the ten lowest correlation rates, sorted by lowest correlations; any parameter with an absolute value of correlation below  is colored in purple","DiagnosticTables",2021-10-14 14:50:34,"StartTime: Wed Oct 13 13:52:43 2021"
